{"2015-05":[-2.42144740714227],"2015-08":[-2.49752629688621],"2015-03":[-2.45293873212099],"2015-12":[-2.82760354065796],"2015-04":[-2.52027720689119],"2015-09":[-2.58915452492302],"2015-10":[-2.58288547606958],"2015-07":[-2.47159490454694],"2016-03":[-2.86107274257691],"2014-12":[-2.58106790509272],"2016-05":[-4.26025815394111],"2016-04":[-2.92782277005825],"2015-02":[-2.43665252532403],"2016-01":[-2.87678391368875],"2015-11":[-2.72996734121727],"2014-06":[-2.55281329939912],"2014-10":[-2.55049382595384],"2015-06":[-2.48490694459666],"2016-02":[-2.85933493292616],"2013-07":[-2.66858720941264],"2014-09":[-2.49784280053346],"2013-06":[-2.66307532092007],"2013-11":[-2.63241135670522],"2013-05":[-2.60141753440167],"2013-10":[-2.58499164224885],"2013-08":[-2.59377394716956],"2013-09":[-2.67817671785858],"2013-12":[-2.71437254684256],"2013-04":[-2.69600915669329],"2014-02":[-2.61988462147098],"2014-04":[-2.5991327852674],"2011-12":[-2.62028456726008],"2014-07":[-2.51567856746645],"2011-05":[-2.71624242486345],"2014-03":[-2.56244643469216],"2011-08":[-2.94571668377414],"2011-10":[-2.77186877284202],"2011-09":[-2.68335922563873],"2012-09":[-2.78126208497524],"2012-02":[-2.81988481266675],"2012-06":[-2.82888271021241],"2011-11":[-2.76809833821216],"2012-07":[-2.77763546392153],"2012-01":[-2.72948627195723],"2011-06":[-2.82763589217035],"2013-03":[-2.69100322751369],"2011-07":[-2.7406096691868],"2012-05":[-2.58694440035873],"2015-01":[-2.50315473587703],"2012-03":[-2.73305499733686],"2012-11":[-2.80764475204818],"2012-10":[-2.73776405085749],"2012-04":[-2.82325183005488],"2011-01":[-2.72751852210538],"2014-01":[-2.63983310990332],"2014-08":[-2.54873934305884],"2012-12":[-2.92980495142135],"2011-03":[-2.78571942652105],"2014-05":[-2.55008030145002],"2013-01":[-2.82088676296097],"2013-02":[-2.62997393667936],"2010-06":[-2.47365890608074],"2011-02":[-2.86351723005082],"2010-08":[-2.52132300085293],"2010-09":[-2.44298888686063],"2012-08":[-2.66786325202512],"2007-07":[-2.56751501406135],"2009-04":[-2.29579165587876],"2011-04":[-2.79180436362674],"2008-12":[-2.24363308406997],"2010-12":[-2.84399963082588],"2008-10":[-1.76899571636799],"2014-11":[-2.57196810275313],"2010-11":[-2.81010861644555],"2010-04":[-2.40350731847133],"2008-07":[-2.25336899818081],"2009-03":[-1.71783709760003],"2008-06":[-2.19016091069504],"2010-03":[-2.27541313190203],"2008-11":[-2.04425938125686],"2008-02":[-2.12414288031721],"2009-09":[-2.19390319820297],"2009-12":[-2.18390584439175],"2010-01":[-2.19888453862193],"2009-11":[-2.17306009799454],"2008-05":[-2.37500449464555],"2009-02":[-1.77069531829292],"2010-05":[-2.6298832147413],"2008-09":[-1.84538461792899],"2009-08":[-2.03150131097356],"2007-06":[-1.91763184110567],"2009-05":[-1.99887773959854],"2010-02":[-2.0148178585735],"2008-08":[-2.09319036515151],"2009-07":[-1.68325637552073],"2009-06":[-2.1480211764076],"2008-04":[-2.29864796486702],"2009-10":[-1.84097428230234],"2008-01":[-2.54584334239778],"2010-10":[-2.77123071295403],"2006-12":[-3.02882126509393],"2009-01":[-2.45562749648256],"2010-07":[-2.60707740992593],"2006-04":[-0.0968249697986057],"2006-10":[-2.00877332632581],"2006-09":[-2.71969916220823],"2008-03":[-2.01559286163878],"2006-06":[-2.50753933930966],"2006-11":[-2.58066899470914],"2007-05":[-2.47542621139733],"2007-12":[-3.04044303820275],"2006-07":[-2.83803538509455],"2007-11":[-1.95374401327144],"2007-10":[-2.1201390949349],"2007-09":[-2.34173667167251],"2007-08":[-1.36998896908379],"2007-02":[-1.50249885377424],"2007-03":[-2.30339601514261],"2007-04":[-3.10775632780864],"2007-01":[-3.76938072949162],"2005-12":[-1.96259590294343],"2006-08":[-0.455222747025642],"2006-02":[-3.25676430225032],"2006-03":[-1.15885967596135],"2006-05":[-0.192534825966354],"2006-01":[-0.905908683001704],"2005-11":[-3.47137246599149]}
