{"2015-05":[-4.47298135655002,-3.63112570806408,-2.98427844469033,-2.40582097294726,-1.81714831467349,-1.11270070363134,-0.127939390565291],"2015-08":[-4.53196546314312,-3.6782723298132,-3.03126926806213,-2.48796832369813,-1.90828902939909,-1.27448461014487,-0.360549123629275],"2015-03":[-4.51898453349246,-3.63867391724695,-3.01798968369378,-2.43749334294614,-1.84205677218776,-1.11093351066781,-0.106797103348089],"2015-12":[-4.91478456698409,-3.9846987855593,-3.34613309806705,-2.81354447611939,-2.26444795233663,-1.70362904967484,-0.858529829811242],"2015-04":[-4.55939285169416,-3.69961652837728,-3.07727763716628,-2.50837262320258,-1.91709712899802,-1.19515379498666,-0.181565783977227],"2015-09":[-4.57338031438976,-3.70776702439259,-3.11061765540826,-2.57357506515828,-1.99121963336019,-1.33028957842483,-0.410298256061432],"2015-10":[-4.58082466320431,-3.72594849978034,-3.11973459796858,-2.56302863280555,-2.00335751806229,-1.36268050754312,-0.447990905360866],"2015-07":[-4.53340804799731,-3.65584442069082,-3.03524599109632,-2.45771120198808,-1.93214857040744,-1.24404076423562,-0.228687877147337],"2016-03":[-4.97763500128873,-4.01690039758195,-3.36530300416306,-2.8320481278742,-2.30120875793281,-1.74155018788138,-0.934735258445447],"2014-12":[-4.60205439747578,-3.74249441420937,-3.10777291167917,-2.56818955488611,-1.98927157904345,-1.24948531439988,-0.141901544666851],"2016-05":[-7.65015175675807,-6.07655952196136,-4.98384059794016,-4.19480687267967,-3.47915021458021,-2.74498958719917,-1.81254832712212],"2016-04":[-5.21467818748963,-4.21463524009845,-3.4763764166866,-2.90007128107586,-2.38601600896278,-1.83945089513442,-1.09230589836075],"2015-02":[-4.48807952848019,-3.58107323370045,-2.96965497493187,-2.42044181288404,-1.83978077035248,-1.08249254394972,-0.0634236883248098],"2016-01":[-4.91670905173668,-4.0079915563829,-3.39164579893584,-2.85571395651908,-2.3089067999414,-1.75556056507665,-0.927960035158297],"2015-11":[-4.81072173919063,-3.8618832930846,-3.24425283075639,-2.7155738052474,-2.16105358831024,-1.52605566646443,-0.666240158261531],"2014-06":[-4.66193021962865,-3.7717588700203,-3.12389709651768,-2.53191711110938,-1.91376279767383,-1.23860097629514,-0.118673767065964],"2014-10":[-4.59779762321302,-3.74251457290727,-3.11380654393238,-2.53290988615534,-1.88912063090078,-1.1316956614154,-0.0916824966169944],"2015-06":[-4.44712689166515,-3.63754451042582,-3.01391638223478,-2.46744854704389,-1.87225228343786,-1.19662724020108,-0.192228340193157],"2016-02":[-4.93320048430139,-4.00923303632314,-3.3719466782705,-2.83895681151203,-2.30466852194058,-1.74507457710058,-0.950490752236619],"2013-07":[-4.95469487919255,-4.03655291688975,-3.3257946435451,-2.66617788775942,-2.00484400524906,-1.17423345275446,-0.0266036646366666],"2014-09":[-4.5781337183391,-3.69888145230072,-3.04425507627003,-2.4840792806765,-1.88287545767588,-1.16328938182802,-0.117111645454636],"2013-06":[-5.05546996108777,-4.04920633937491,-3.27482762364306,-2.65807731327516,-2.01883592991441,-1.20754332551307,-0.068488422228321],"2013-11":[-4.89623144112743,-3.96579898991877,-3.27271302474095,-2.61994446756237,-1.99539044314785,-1.2604594325264,-0.184300533127748],"2013-05":[-4.98325898881189,-3.96884713856993,-3.25446354247854,-2.59847697403476,-1.99044306593257,-1.16157549078938,-0.0750881400740805],"2013-10":[-4.85630654463713,-3.94848276209368,-3.21815410129467,-2.58010795580263,-1.91728328834607,-1.14937554756211,-0.0223268044832311],"2013-08":[-4.88180245327263,-3.95655646163503,-3.23062084440336,-2.5882793036612,-1.96459169401181,-1.21051028272264,-0.171626561317783],"2013-09":[-4.93516625306617,-4.0242913061563,-3.35219385098834,-2.6655367274141,-1.99995599007953,-1.18626957473656,-0.114791031045942],"2013-12":[-4.77830360967138,-3.94102187067132,-3.3030232563024,-2.70850321784274,-2.08828685579705,-1.35075575102791,-0.261536100679942],"2013-04":[-5.11767314224326,-4.05475808585866,-3.32994271468157,-2.68488525793531,-2.01619715479754,-1.23949233085023,-0.118220381352467],"2014-02":[-4.80555363175897,-3.89815269505353,-3.25692946113856,-2.60995947118894,-1.95835664667747,-1.20758221992384,-0.205493659754984],"2014-04":[-4.61845583084192,-3.80827824023841,-3.1735542250034,-2.57087133715509,-1.93086780523654,-1.19802321707298,-0.0238764304477509],"2011-12":[-5.51683934953444,-4.26949614409982,-3.34755805782171,-2.60113216793398,-1.902312381274,-0.968935988001728,0.186377138937633],"2014-07":[-4.59752367167177,-3.70336631487945,-3.09410124654419,-2.49941258375088,-1.87215149075473,-1.10606122734962,0.0359488929297035],"2011-05":[-5.16261144721892,-4.12901989929147,-3.38249140175926,-2.71342370179781,-1.99058139956893,-1.14573390331797,-0.0132588510086736],"2014-03":[-4.72379715042202,-3.77501773164104,-3.12152441415128,-2.53836465465063,-1.89851192447857,-1.18922916615435,-0.172666009859177],"2011-08":[-5.76397243666543,-4.52475587228817,-3.67757570619578,-2.92349698831796,-2.14239498440216,-1.23422964692594,-0.0706992953679475],"2011-10":[-5.42678092325883,-4.26193722557573,-3.46689144795289,-2.75654572082053,-2.00347887834967,-1.20487159115512,-0.193065382400107],"2011-09":[-5.546356347598,-4.28235294633077,-3.42435495206918,-2.67386987320907,-1.91359703904171,-1.04090386661824,0.250135058295731],"2012-09":[-5.32390200476228,-4.28095078836034,-3.44716602093392,-2.76584537647491,-1.97895840306493,-1.14818943327792,0.0608418461456321],"2012-02":[-5.40560978943783,-4.28384001509196,-3.51012304689773,-2.79402526970333,-2.07747450036392,-1.20084473911074,-0.115493106893242],"2012-06":[-5.3340405901794,-4.27181579507082,-3.4737026970329,-2.82454802150099,-2.10750179936919,-1.27015697610355,-0.154147252646357],"2011-11":[-5.51380532786098,-4.28429520140437,-3.45832824544979,-2.76022011514769,-1.95356539479209,-1.05739202959261,0.138616366217976],"2012-07":[-5.40076415165968,-4.26167656415294,-3.48809148915425,-2.76802735785566,-2.04411724419228,-1.23432218101734,-0.161044946520632],"2012-01":[-5.4512998416949,-4.31415166565069,-3.46546103605942,-2.71846685754322,-2.05245320415909,-1.17760113517938,-0.0677806779587166],"2011-06":[-5.58495817768873,-4.3361044555337,-3.48186823054624,-2.78447414831796,-2.11178975164307,-1.31672352387535,-0.138636996301463],"2013-03":[-5.20677185346093,-4.155578924051,-3.35312062427074,-2.67484340023437,-2.04741385229,-1.19970510297752,-0.158697237924069],"2011-07":[-5.47533678198004,-4.31392668586459,-3.45650936671598,-2.7214599684065,-1.89920763243136,-0.94846993366641,-0.0904052216366162],"2012-05":[-5.17230991922507,-4.15010721182268,-3.31650909957193,-2.57676162039218,-1.84390768705295,-1.05745979358631,0.0869135033578162],"2015-01":[-4.55260186589918,-3.66101826022725,-3.0477700337358,-2.48349889303811,-1.89185718981186,-1.16707572164354,-0.14553322208939],"2012-03":[-5.40778902888033,-4.2609982498225,-3.47087456615991,-2.71790519179796,-2.04006616368499,-1.20558516280647,-0.20207544818947],"2012-11":[-5.24932064764246,-4.28866459248918,-3.50479167290727,-2.80085815110238,-2.08653616805254,-1.30652025861649,-0.169128135904826],"2012-10":[-5.16294498306177,-4.20597949517545,-3.41610962867047,-2.73247553769791,-1.97753117627558,-1.11231638030347,-0.00694173486717511],"2012-04":[-5.25972325390817,-4.25608171732632,-3.52536568540364,-2.81372420568966,-2.09825147288342,-1.21743307864873,-0.123258748618666],"2011-01":[-5.49827852084644,-4.31177922313469,-3.49427883452379,-2.70693638029695,-2.01866987313132,-1.05755470374191,0.124245203105308],"2014-01":[-4.85352013589506,-3.91424660085303,-3.25028629130452,-2.63780919522785,-2.00404604360037,-1.29130492175298,-0.253096320028168],"2014-08":[-4.57224224608955,-3.75423968219709,-3.10407166218382,-2.53228094133708,-1.91353044867154,-1.18922157330893,-0.0871048719525472],"2012-12":[-5.44381402732331,-4.40752220636443,-3.63154539346818,-2.92025155978549,-2.1605461040714,-1.31872369586374,-0.0980373604591348],