{"2016-03":[-4.39796437909877],"2016-02":[-4.40175285767253],"2016-01":[-4.25106226810733],"2015-12":[-4.32277950382318],"2015-11":[-4.46633967992345],"2015-10":[-4.10339688682629],"2015-09":[-4.38276251963774],"2015-08":[-4.3763653998689],"2015-07":[-3.9265008760658],"2015-06":[-4.82027395796298],"2015-05":[-5.05246744154744],"2015-04":[-5.02441008799496],"2015-03":[-5.19304465109693],"2015-02":[-4.24945378690524],"2015-01":[-6.89047095045603],"2014-12":[-6.54366019418947],"2014-11":[-6.37072646023035],"2014-10":[-7.37516602979556],"2014-09":[-7.04935077502239],"2014-08":[-5.35884965404701],"2014-07":[-4.36794829930716],"2014-06":[-3.34488304888862],"2014-05":[-4.48335950027652],"2014-04":[-4.36794829930716],"2014-03":[-4.36794829930716],"2014-02":[-4.36794829930716],"2014-01":[-4.22958878459789],"2013-12":[-7.33298402176637],"2013-11":[-7.34409509317117],"2013-10":[-7.34409509317117],"2013-09":[-6.76910481021634],"2013-07":[-6.83112219430533],"2013-06":[-6.76910481021634],"2013-05":[-7.46263883948408],"2013-04":[-7.46263883948408],"2013-03":[-7.46263883948408],"2013-01":[-7.46263883948408],"2012-05":[-7.08690045761231],"2011-04":[-12.7717420506682],"2012-12":[-7.46263883948408],"2011-08":[-8.61246801887093],"2013-08":[-7.46263883948408],"2013-02":[-7.46263883948408],"2012-09":[-8.80509730657734],"2012-06":[-10.1865997078531],"2012-04":[-7.82737293767901],"2012-01":[-7.40864880971452],"2011-11":[-8.80509730657734],"2012-10":[-7.11661966132111],"2012-07":[-6.89313957839433],"2011-10":[-7.36025625803667],"2011-03":[-12.7717420506682],"2011-02":[-6.68464540357989],"2011-01":[-6.89313957839433],"2010-12":[-6.89313957839433],"2010-11":[-6.89313957839433],"2010-10":[-6.89313957839433],"2010-09":[-6.89313957839433],"2010-08":[-6.89312545834323],"2010-07":[-6.89312545834323],"2010-06":[-7.46409256081156],"2010-05":[-8.97882494140497],"2010-04":[-6.95924511480992],"2010-03":[-8.21957057114991],"2010-02":[-7.02535834047785],"2010-01":[-6.89312545834323],"2009-12":[-8.97760502956574],"2009-11":[-8.97708252581571],"2009-10":[-10.9941818914736],"2009-09":[-11.827180548867],"2009-08":[-11.827180548867],"2009-07":[-8.97559069984427],"2009-06":[-8.97536706428997],"2009-05":[-11.6270214172673],"2009-04":[-11.827180548867],"2009-03":[-11.827180548867],"2009-02":[-11.827180548867],"2009-01":[-13.0688640695979],"2008-12":[-12.4143279541607],"2008-11":[-13.0688640695979],"2008-10":[-13.0688640695979],"2008-09":[-13.0688640695979],"2008-08":[-6.89311133843033],"2008-07":[-6.89311133843033],"2011-09":[-7.34409509317117],"2011-06":[-12.2657669446959],"2012-11":[-7.46263883948408],"2011-05":[-12.2995509917193],"2008-04":[-3.5401463413397],"2008-01":[-5.45417282735873],"2008-03":[-5.45417282735873],"2008-02":[-5.45417282735873],"2012-03":[-6.00408435865611],"2012-02":[-13.0688640695979],"2011-12":[-6.47615122876544],"2011-07":[-12.7717420506682],"2012-08":[-6.76910481021634]}
