{"2016-03":[-6.71198604350872,-5.7591594791347,-5.05872277294437,-4.39796437909877,-3.69798398576817,-2.8748577129247,-1.71564376326493],"2016-02":[-6.93505357564092,-5.8758200052043,-5.10142632521794,-4.40175285767253,-3.63920784580578,-2.74009873175651,-1.38230393965792],"2016-01":[-6.80141447877457,-5.77551088121058,-4.99457321341949,-4.25106226810733,-3.4861667357123,-2.5381313051011,-1.18971350565706],"2015-12":[-6.87639146707233,-5.91862355422916,-5.06667044606934,-4.32277950382318,-3.60204599041465,-2.77579888952396,-1.55108803964238],"2015-11":[-7.22649152481201,-6.1209930422165,-5.26392766259503,-4.46633967992345,-3.69954450008306,-2.85134437263895,-1.63449581597591],"2015-10":[-6.68278758695622,-5.51942329405307,-4.73215451370938,-4.10339688682629,-3.43536481800874,-2.6699471784682,-1.51643747834403],"2015-09":[-7.24305185431128,-6.04413843749592,-5.18866635064795,-4.38276251963774,-3.58243873553464,-2.70077430857581,-1.52071029239373],"2015-08":[-7.39151598651995,-6.22643766466669,-5.29924003183259,-4.3763653998689,-3.58879013799547,-2.76217217746688,-1.57423260621676],"2015-07":[-6.99866054520059,-5.81166296812681,-4.79951950081328,-3.9265008760658,-3.2173038808617,-2.47455954779483,-1.35056896508315],"2015-06":[-7.46411353646624,-6.47344810242177,-5.62262479453038,-4.82027395796298,-4.01023231777241,-3.19770047965257,-1.87507152576009],"2015-05":[-7.58590103084043,-6.61098020813859,-5.77109689751148,-5.05246744154744,-4.19504829472369,-3.23884311939868,-1.91088200791429],"2015-04":[-7.87529588623817,-6.74541478181086,-5.81707742036166,-5.02441008799496,-4.18178785152536,-3.28636045321006,-1.98199022757703],"2015-03":[-8.42536956840732,-7.06132153036785,-6.06304612997299,-5.19304465109693,-4.24758140913314,-3.32886323398317,-2.00570534618205],"2015-02":[-8.01432308950002,-6.52854845424155,-5.35846541272094,-4.24945378690524,-3.33115729029785,-2.42082301893732,-1.21238741051768],"2015-01":[-9.26153552332936,-8.34752567144698,-7.63804863014373,-6.89047095045603,-6.19568666661313,-5.46778711017133,-4.41216148053599],"2014-12":[-9.10420197963855,-8.16159594255526,-7.17817390030679,-6.54366019418947,-5.9845886538414,-5.14191693126925,-3.97724539695918],"2014-11":[-9.05181955238558,-7.85399419947731,-7.00588220074262,-6.37072646023035,-5.65991987898472,-4.70651330279195,-3.86280899461006],"2014-10":[-10.3923382447176,-9.25931728276591,-8.13118647679421,-7.37516602979556,-6.53458004481616,-5.74991841808933,-4.59963316200582],"2014-09":[-10.699103742632,-9.01897852197286,-7.8386935301347,-7.04935077502239,-6.10140092844917,-5.19059982030446,-3.92532871517636],"2014-08":[-7.59640698819707,-6.89313957839433,-6.10140092844917,-5.35884965404701,-4.36794829930716,-4.23023090991878,0.395625654307585],"2014-07":[-8.9819915636041,-6.49283371884612,-5.35872766159901,-4.36794829930716,-4.23011792270795,-2.32151352213753,0.404761845402719],"2014-06":[-7.01587748310624,-5.36356607760743,-4.31330629142809,-3.34488304888862,-2.32151034335802,-2.32149127083329,0.404860457574684],"2014-05":[-9.88331346369088,-6.41119554870221,-5.35853859365544,-4.48335950027652,-4.22983549341583,-1.96602662707056,0.404987333251082],"2014-04":[-12.772265619914,-6.70562371420685,-5.35841662749347,-4.36794829930716,-4.22970173037432,-0.214506360836217,0.405070761718186],"2014-03":[-10.6526527355047,-5.94455197541746,-5.35831296436227,-4.36794829930716,-4.31326999082066,0.405113508319633,0.405157632515235],"2014-02":[-7.89138633497513,-5.94455197541746,-5.35820930867913,-4.36794829930716,-4.22960661755369,0.405215543474037,0.405238293571866],"2014-01":[-7.34409509317117,-6.37793926391223,-4.36794829930716,-4.22958878459789,-2.92295829662706,0.405266558345188,0.405292065104307],"2013-12":[-10.6526527355047,-7.34409509317117,-7.34409509317117,-7.33298402176637,-6.37793926391223,-4.22951745497891,-4.22950556710092],"2013-11":[-8.65702003850654,-7.34409509317117,-7.34409509317117,-7.34409509317117,-6.37793926391223,-6.3778328273014,-4.04783922489549],"2013-10":[-7.34409509317117,-7.34409509317117,-7.34409509317117,-7.34409509317117,-7.34409509317117,-6.72298104441539,-4.0098423173728],"2013-09":[-8.80509730657734,-8.64389258758496,-7.11587182485021,-6.76910481021634,-5.93815845697937,-3.3311117656074,-1.84615458755791],"2013-07":[-8.13386807303071,-7.46263883948408,-7.46263883948408,-6.83112219430533,-6.76910481021634,-5.53829938526178,-5.36302759872941],"2013-06":[-7.46263883948408,-7.17788920893921,-6.77154035986053,-6.76910481021634,-6.73452685078021,-5.14291600651917,-3.33109875882429],"2013-05":[-7.59135535584077,-7.59135535584077,-7.46263883948408,-7.46263883948408,-7.43376611536316,-6.89313957839433,-6.4844524498042],"2013-04":[-8.13386807303071,-7.46263883948408,-7.46263883948408,-7.46263883948408,-7.46263883948408,-6.76910481021634,-6.15370209773906],"2013-03":[-9.01530264980698,-7.46263883948408,-7.46263883948408,-7.46263883948408,-7.46263883948408,-7.46263883948408,-4.25400989993302],"2013-01":[-8.13386807303071,-7.46263883948408,-7.46263883948408,-7.46263883948408,-7.46263883948408,-7.46263883948408,-5.9571938314404],"2012-05":[-8.80509730657734,-8.80509730657734,-8.80509730657734,-7.08690045761231,-6.76910481021634,-6.76907941445618,-5.75707927871077],"2011-04":[-13.0688640695979,-13.0688640695979,-12.7717420506682,-12.7717420506682,-12.5153983338501,-12.2590546170319,-7.22062314109755],"2012-12":[-8.80509730657734,-7.59135535584077,-7.46263883948408,-7.46263883948408,-7.46263883948408,-7.46263883948408,-7.46263883948408],"2011-08":[-12.920303060133,-12.7717420506682,-11.4052424573733,-8.61246801887093,-7.82712096544119,-7.59135535584077,-7.05658725381367],"2013-08":[-8.80509730657734,-8.80509730657734,-7.66708390034351,-7.46263883948408,-6.76910481021634,-6.39582370231667,-6.39582370231667],"2013-02":[-8.80509730657734,-8.80509730657734,-7.46263883948408,-7.46263883948408,-7.46263883948408,-7.46263883948408,-5.1934589382485],"2012-09":[-8.80509730657734,-8.80509730657734,-7.64062426767139,"NA","NA","NA","NA"],"2012-06":[-10.1865997078531,"NA","NA","NA","NA","NA","NA"],"2012-04":[-8.31623512212818,-7.82737293767901,"NA","NA","NA","NA","NA"],"2012-01":[-10.9369806880876,-7.40864880971452,-5.19007430607943,"NA","NA","NA","NA"],"2011-11":[-8.80509730657734,"NA","NA","NA","NA","NA","NA"],"2012-10":[-8.97934807670487,-7.11661966132111,-6.76910481021634,"NA","NA","NA","NA"],"2012-07":["NA","NA","NA","NA","NA","NA","NA"],"2011-10":[-7.82737293767901,-7.36025625803667,-6.47615122876544,"NA","NA","NA","NA"],"2011-03":[-12.7717420506682,-12.7717420506682,-12.7717420506682,-12.7717420506682,-9.86158407674908,-6.07807808374954,"NA"],"2011-02":[-13.0688640695979,-12.7717420506682,-10.5160111168434,-6.68464540357989,-6.47615122876544,-6.44271027890632,-5.00373542993019],"2011-01":[-13.0688640695979,-12.7717420506682,-7.17862655743028,-6.89313957839433,-6.89313957839433,-6.83110949642525,-6.47615122876544],"2010-12":[-12.920303060133,-12.7717420506682,-6.89313957839433,-5.63054393885075,-4.36794829930716,"NA","NA"],"2010-11":[-13.0688640695979,-12.7717420506682,-6.89313957839433,-6.89313957839433,-6.89313957839433,-6.89313957839433,"NA"],"2010-10":[-12.7717420506682,-7.46411353646624,-6.89313957839433,-6.89313957839433,-6.89313957839433,-6.89313957839433,-6.58679964764872],"2010-09":[-11.8273599327704,-8.81285086627377,-6.89313957839433,-6.89313957839433,-6.89313251836878,-6.47615122876544,-5.00370661157202],"2010-08":[-11.3637771291234,-8.79584576117256,-7.35989929088606,-6.89312545834323,-6.89312545834323,-6.89312545834323,-6.89312545834323],"2010-07":[-13.0688640695979,-12.7717420506682,-7.46409256081156,-6.89312545834323,-6.89312545834323,-6.89312545834323,-6.76907941445618],"2010-06":[-12.7717420506682,-12.7717420506682,-8.97904911902035,-7.46409256081156,-6.89312545834323,-6.89312545834323,-6.89312545834323],"2010-05":[-12.7717420506682,-12.0432072749011,-11.8273599327704,-8.97882494140497,-6.89312545834323,-6.89312545834323,-6.89312545834323],