{
    "2005-11": -3.46506830104477, 
    "2005-12": -1.74397448594477, 
    "2006-01": -0.906099468329256, 
    "2006-02": -3.26078285842067, 
    "2006-03": -1.45969662734143, 
    "2006-04": -0.0916655897769748, 
    "2006-05": -0.661924921084268, 
    "2006-06": -2.46717198564408, 
    "2006-07": -2.73953798794542, 
    "2006-08": -0.328192243902256, 
    "2006-09": -3.44545971744312, 
    "2006-10": -2.24122115947336, 
    "2006-11": -2.48666401022971, 
    "2006-12": -3.14059763988665, 
    "2007-01": -4.05437354823838, 
    "2007-02": -1.97040345624829, 
    "2007-03": -2.31358580954706, 
    "2007-04": -3.92192235484184, 
    "2007-05": -2.46869262013904, 
    "2007-06": -2.4559946682294, 
    "2007-07": -2.35250837071928, 
    "2007-08": -1.90958884860493, 
    "2007-09": -3.48819020083786, 
    "2007-10": -2.59148931644255, 
    "2007-11": -2.59262651813186, 
    "2007-12": -3.31936529672755, 
    "2008-01": -2.57907240597044, 
    "2008-02": -2.29907849245625, 
    "2008-03": -2.71192509663407, 
    "2008-04": -2.5659622927, 
    "2008-05": -2.49656338168552, 
    "2008-06": -2.5382388207978, 
    "2008-07": -2.53074958318844, 
    "2008-08": -2.45417738580995, 
    "2008-09": -2.20611965009181, 
    "2008-10": -1.86765104055604, 
    "2008-11": -2.48512461156599, 
    "2008-12": -2.37477172067674, 
    "2009-01": -2.65359088977089, 
    "2009-02": -1.83469185612661, 
    "2009-03": -1.59672334714174, 
    "2009-04": -2.4990481240926, 
    "2009-05": -2.21065301742727, 
    "2009-06": -2.34477491202368, 
    "2009-07": -1.8617676915486, 
    "2009-08": -2.17159601990134, 
    "2009-09": -2.48863610814529, 
    "2009-10": -2.56411596860007, 
    "2009-11": -2.35858784229376, 
    "2009-12": -2.37385073245166, 
    "2010-01": -2.61282799517307, 
    "2010-02": -2.51205446290849, 
    "2010-03": -2.72249871706029, 
    "2010-04": -2.78743615501581, 
    "2010-05": -2.81498443169513, 
    "2010-06": -2.62256220944185, 
    "2010-07": -2.96411660953133, 
    "2010-08": -2.89363517848481, 
    "2010-09": -2.6182643616254, 
    "2010-10": -3.01880871637262, 
    "2010-11": -3.10190621839073, 
    "2010-12": -3.09383134493922, 
    "2011-01": -2.89772653343628, 
    "2011-02": -3.19134152453106, 
    "2011-03": -3.05656712317995, 
    "2011-04": -2.93892633286122, 
    "2011-05": -2.97245590512294, 
    "2011-06": -3.10392954500894, 
    "2011-07": -3.23386193635929, 
    "2011-08": -3.24004132237492, 
    "2011-09": -2.87976930083608, 
    "2011-10": -2.90773678277276, 
    "2011-11": -2.88221459931405, 
    "2011-12": -2.96908816730416, 
    "2012-01": -3.00140746820216, 
    "2012-02": -3.13651160686457, 
    "2012-03": -3.11076713588255, 
    "2012-04": -3.24710733144097, 
    "2012-05": -2.81243037349306, 
    "2012-06": -3.00080734195365, 
    "2012-07": -2.94868467216382, 
    "2012-08": -2.88393675551791, 
    "2012-09": -3.0385263918841, 
    "2012-10": -2.91645683730076, 
    "2012-11": -2.9921901700198, 
    "2012-12": -3.15077654550859, 
    "2013-01": -3.00612231284325, 
    "2013-02": -2.79593712798761, 
    "2013-03": -2.8474882489287, 
    "2013-04": -2.88287433785928, 
    "2013-05": -2.7803805852672, 
    "2013-06": -2.8009319623295, 
    "2013-07": -2.81310852258973, 
    "2013-08": -2.72351496286778, 
    "2013-09": -2.88226542141654, 
    "2013-10": -2.65430299962811, 
    "2013-11": -2.72123581227605, 
    "2013-12": -2.7867987840026, 
    "2014-01": -2.69468551324501, 
    "2014-02": -2.7163489516029, 
    "2014-03": -2.65826561006724, 
    "2014-04": -2.70939042662424, 
    "2014-05": -2.63429703898834, 
    "2014-06": -2.63788921402528, 
    "2014-07": -2.63245487992926, 
    "2014-08": -2.60684269918505, 
    "2014-09": -2.58250792581513, 
    "2014-10": -2.59732622452433, 
    "2014-11": -2.62144505914728, 
    "2014-12": -2.67455815234577, 
    "2015-01": -2.55749871388624, 
    "2015-02": -2.45200655437949, 
    "2015-03": -2.49439948899907, 
    "2015-04": -2.56322319938787, 
    "2015-05": -2.49952467445157, 
    "2015-06": -2.49827128587677, 
    "2015-07": -2.48477450390924, 
    "2015-08": -2.50657141818424, 
    "2015-09": -2.65554273638866, 
    "2015-10": -2.69518208513721, 
    "2015-11": -2.77558005702865, 
    "2015-12": -2.8188566871321, 
    "2016-01": -2.94005846563018, 
    "2016-02": -2.97968787231486, 
    "2016-03": -5.1483733070887
}